<?xml version="1.0" encoding="UTF-8" ?>
<!DOCTYPE mapper PUBLIC "-//mybatis.org//DTD Mapper 3.0//EN" "http://mybatis.org/dtd/mybatis-3-mapper.dtd" >
<mapper namespace="com.muping.payroll.mapper.LoginInfoMapper">
    <resultMap id="BaseResultMap" type="com.muping.payroll.domain.LoginInfo">
        <id column="id" property="id" jdbcType="BIGINT"/>
        <result column="user_name" property="userName" jdbcType="VARCHAR"/>
        <result column="password" property="password" jdbcType="VARCHAR"/>
        <result column="state" property="state" jdbcType="INTEGER"/>
        <result column="user_type" property="userType" jdbcType="INTEGER"/>
    </resultMap>

    <delete id="deleteByPrimaryKey" parameterType="java.lang.Long">
        delete from `login_info`
        where id = #{id,jdbcType=BIGINT}
    </delete>

    <insert id="insert" parameterType="com.muping.payroll.domain.LoginInfo" useGeneratedKeys="true" keyProperty="id">
        insert into `login_info` (user_name, password, state,
        user_type)
        values (#{userName,jdbcType=VARCHAR}, #{password,jdbcType=VARCHAR}, #{state,jdbcType=INTEGER},
        #{userType,jdbcType=INTEGER})
    </insert>

    <update id="updateByPrimaryKey" parameterType="com.muping.payroll.domain.LoginInfo">
        update `login_info`
        set user_name = #{userName,jdbcType=VARCHAR},
        password = #{password,jdbcType=VARCHAR},
        state = #{state,jdbcType=INTEGER},
        user_type = #{userType,jdbcType=INTEGER}
        where id = #{id,jdbcType=BIGINT}
    </update>

    <sql id="base_column">
        id, user_name, password, state, user_type
    </sql>

    <select id="selectByPrimaryKey" resultMap="BaseResultMap" parameterType="java.lang.Long">
        select
        <include refid="base_column"/>
        from `login_info`
        where id = #{id,jdbcType=BIGINT}
    </select>

    <select id="queryByUserNameAndPassword" resultMap="BaseResultMap">
        SELECT <include refid="base_column"/>
        FROM login_info
        WHERE user_name=#{userName} AND password=#{password} AND state=#{state}
    </select>

    <select id="queryAdminCount" resultType="java.lang.Long">
        SELECT count(id)
        FROM login_info
        WHERE user_type=#{userType}
    </select>

    <select id="queryCountByUserName" resultType="java.lang.Long">
        select count(id) from login_info where user_name=#{userName}
    </select>

    <select id="queryByUserName" resultMap="BaseResultMap">
        select <include refid="base_column"/>
        from login_info where user_name=#{userName}
    </select>

    <select id="queryByUserNameNotMyself" resultMap="BaseResultMap">
        select <include refid="base_column"/>
        from login_info where user_name=#{userName} and id!=#{id}
    </select>

</mapper>