<?xml version="1.0" encoding="UTF-8" ?>
<!DOCTYPE mapper PUBLIC "-//mybatis.org//DTD Mapper 3.0//EN" "http://mybatis.org/dtd/mybatis-3-mapper.dtd" >
<mapper namespace="com.muping.payroll.mapper.OrderMapper">
    <resultMap id="BaseResultMap" type="com.muping.payroll.domain.Order">
        <id column="id" property="id" jdbcType="BIGINT"/>
        <result column="address" property="address" jdbcType="VARCHAR"/>
        <result column="product_name" property="productName" jdbcType="VARCHAR"/>
        <result column="client_name" property="clientName" jdbcType="VARCHAR"/>
        <result column="date" property="date" jdbcType="TIMESTAMP"/>
        <association property="employee" javaType="Employee" column="employee_id"
                     select="com.muping.payroll.mapper.EmployeeMapper.selectByPrimaryKey"/>
    </resultMap>

    <delete id="deleteByPrimaryKey" parameterType="java.lang.Long">
        delete from `order`
        where id = #{id,jdbcType=BIGINT}
    </delete>

    <insert id="insert" parameterType="com.muping.payroll.domain.Order" useGeneratedKeys="true" keyProperty="id">
        insert into `order` (employee_id,address, product_name, client_name,
        date)
        values (#{employee.id},#{address,jdbcType=VARCHAR}, #{productName,jdbcType=VARCHAR}, #{clientName,jdbcType=VARCHAR},
        #{date,jdbcType=TIMESTAMP})
    </insert>

    <update id="updateByPrimaryKey" parameterType="com.muping.payroll.domain.Order">
        update `order`
        set address = #{address,jdbcType=VARCHAR},
        product_name = #{productName,jdbcType=VARCHAR},
        employee_id=#{employee.id},
        client_name = #{clientName,jdbcType=VARCHAR},
        date = #{date,jdbcType=TIMESTAMP}
        where id = #{id,jdbcType=BIGINT}
    </update>

    <sql id="base_column">
        id, address, product_name, client_name, date,employee_id
    </sql>

    <select id="selectByPrimaryKey" resultMap="BaseResultMap" parameterType="java.lang.Long">
        select <include refid="base_column"/>
        from `order`
        where id = #{id,jdbcType=BIGINT}
    </select>

    <select id="selectAll" resultMap="BaseResultMap">
        select <include refid="base_column"/>
        from `order`
    </select>

    <sql id="where_sql">
        <where>
            <if test="employeeId!=-1">
                and employee_id=#{employeeId}
            </if>
        </where>
    </sql>

    <select id="queryCount" resultType="java.lang.Long">
        select count(id) from `order` <include refid="where_sql"/>
    </select>

    <select id="queryList" resultMap="BaseResultMap">
        select <include refid="base_column"/> from `order` <include refid="where_sql"/> limit #{startIndex},#{pageSize}
    </select>

    <select id="queryCountByEmployee" resultType="java.lang.Long">
        select count(id) from `order` where employee_id=#{id}
    </select>

</mapper>