<?xml version="1.0" encoding="UTF-8" ?>
<!DOCTYPE mapper PUBLIC "-//mybatis.org//DTD Mapper 3.0//EN" "http://mybatis.org/dtd/mybatis-3-mapper.dtd" >
<mapper namespace="com.muping.payroll.mapper.RoleMapper" >
  <resultMap id="BaseResultMap" type="com.muping.payroll.domain.Role" >
    <id column="id" property="id" jdbcType="BIGINT" />
    <result column="name" property="name" jdbcType="VARCHAR" />
    <result column="sn" property="sn" jdbcType="VARCHAR" />
    <collection property="systemMenus" ofType="SystemMenu" column="id" select="com.muping.payroll.mapper.SystemMenuMapper.queryByRoleId"/>
    <collection property="permissions" ofType="Permission" column="id" select="com.muping.payroll.mapper.PermissionMapper.queryByRoleId"/>
  </resultMap>

  <delete id="deleteByPrimaryKey" parameterType="java.lang.Long" >
    delete from `role`
    where id = #{id,jdbcType=BIGINT}
  </delete>

    <delete id="deletePermissionRalation">
        delete from `role_permission`
        where role_id = #{id}
    </delete>


    <delete id="deleteMenuRalation">
        delete from `role_menu`
        where role_id = #{id}
    </delete>

    <insert id="insert" parameterType="com.muping.payroll.domain.Role" useGeneratedKeys="true" keyProperty="id" >
    insert into `role` (name, sn)
    values (#{name,jdbcType=VARCHAR}, #{sn,jdbcType=VARCHAR})
  </insert>

    <insert id="handlerRelationWithPermission">
      insert into role_permission(role_id,permission_id)
      values(#{role_id},#{permission_id})
    </insert>

    <insert id="handlerRelationWithMenu">
        insert into role_menu(role_id,menu_id)
        values(#{role_id},#{menu_id})
    </insert>

    <update id="updateByPrimaryKey" parameterType="com.muping.payroll.domain.Role" >
    update `role`
    set name = #{name,jdbcType=VARCHAR},
      sn = #{sn,jdbcType=VARCHAR}
    where id = #{id,jdbcType=BIGINT}
  </update>

  <select id="selectByPrimaryKey" resultMap="BaseResultMap" parameterType="java.lang.Long" >
    select <include refid="base_column"/>
    from `role`
    where id = #{id,jdbcType=BIGINT}
  </select>

  <select id="selectAll" resultMap="BaseResultMap" >
    select <include refid="base_column"/>
    from `role`
  </select>

    <sql id="base_column">
        id, name, sn
    </sql>

    <sql id="where_sql">

    </sql>

    <select id="queryCount" resultType="java.lang.Long">
        select count(id) from role <include refid="where_sql"/>
    </select>

    <select id="queryList" resultMap="BaseResultMap">
        select <include refid="base_column"/>
        from role <include refid="where_sql"/> limit #{startIndex},#{pageSize}
    </select>

    <select id="queryByEmployeeId" resultMap="BaseResultMap">
        select <include refid="base_column"/>
        from role where id in (select role_id from employee_role where employee_id=#{id})
    </select>

    <select id="queryBySn" resultMap="BaseResultMap">
        select <include refid="base_column"/>
        from role where sn=#{sn}
    </select>

</mapper>