<?xml version="1.0" encoding="UTF-8" ?>
<!DOCTYPE mapper PUBLIC "-//mybatis.org//DTD Mapper 3.0//EN" "http://mybatis.org/dtd/mybatis-3-mapper.dtd" >
<mapper namespace="com.muping.payroll.mapper.VerificationEmailCodeMapper" >
  <resultMap id="BaseResultMap" type="com.muping.payroll.domain.VerificationEmailCode" >
    <id column="id" property="id" jdbcType="BIGINT" />
    <result column="user" property="user" jdbcType="BIGINT" />
    <result column="key" property="key" jdbcType="VARCHAR" />
    <result column="email" property="email" jdbcType="VARCHAR" />
    <result column="date" property="date" jdbcType="TIMESTAMP" />
  </resultMap>

  <insert id="insert" parameterType="com.muping.payroll.domain.VerificationEmailCode" useGeneratedKeys="true" keyProperty="id" >
    insert into `verification_email_code` (email,`user`, `key`, `date`
      )
    values (#{email},#{user,jdbcType=BIGINT}, #{key,jdbcType=VARCHAR}, #{date,jdbcType=TIMESTAMP}
      )
  </insert>

    <sql id="base_column">
        `id`,`user`,`key`,`date`,`email`
    </sql>

    <select id="queryByKey" resultMap="BaseResultMap">
        select <include refid="base_column"/>
        from verification_email_code where `key`=#{key}
    </select>

</mapper>